"Assignments, deeds, conveyances"
Correspondence
Leases
"Assignments, deeds, conveyances"
Leases
Correspondence
"Assignments, deeds, conveyances"
Correspondence
Leases
Leases
Correspondence
"Assignments, deeds, conveyances"
Correspondence
Correspondence
Leases
Correspondence
Correspondence
Correspondence
Correspondence
Correspondence
Correspondence
Correspondence
Correspondence
Correspondence
Correspondence
"Assignments, deeds, conveyances"
Correspondence
Leases
Correspondence
"Assignments, deeds, conveyances"
Correspondence
Correspondence
Correspondence
Correspondence
Correspondence
Leases
Leases
Correspondence
"Assignments, deeds, conveyances"
Correspondence
Correspondence
Correspondence
Division orders
Correspondence
Leases
Correspondence
Correspondence
Leases
Correspondence
Correspondence
Correspondence
Correspondence
"Assignments, deeds, conveyances"
"Assignments, deeds, conveyances"
Correspondence
"Assignments, deeds, conveyances"
Leases
Correspondence
Correspondence
Correspondence
"Assignments, deeds, conveyances"
"Assignments, deeds, conveyances"
Correspondence
Correspondence
"Assignments, deeds, conveyances"
"Assignments, deeds, conveyances"
Correspondence
Correspondence
Correspondence
Leases
"Assignments, deeds, conveyances"
Correspondence
Correspondence
Correspondence
Leases
Correspondence
"Assignments, deeds, conveyances"
Correspondence
Leases
Correspondence
Correspondence
"Assignments, deeds, conveyances"
Correspondence
"Assignments, deeds, conveyances"
Correspondence
Correspondence
Leases
Correspondence
Correspondence
Correspondence
Correspondence
Correspondence
Correspondence
Correspondence
Correspondence
Correspondence
Correspondence
Correspondence
Correspondence
Correspondence
Correspondence
Leases
Leases
Leases
"Assignments, deeds, conveyances"
Correspondence
Correspondence
Correspondence
Correspondence
Correspondence
Correspondence
Correspondence
"Assignments, deeds, conveyances"
Correspondence
Correspondence
"Assignments, deeds, conveyances"
Correspondence
Correspondence
Correspondence
Correspondence
Correspondence
Correspondence
Correspondence
"Assignments, deeds, conveyances"
Correspondence
Correspondence
Correspondence
Correspondence
Correspondence
Correspondence
Correspondence
Correspondence
Leases
Correspondence
Correspondence
Correspondence
Correspondence
Contract
Leases
"Assignments, deeds, conveyances"
Correspondence
Correspondence
Correspondence
Correspondence
Correspondence
Correspondence
Correspondence
Correspondence
Leases
Production-Operation report
Correspondence
Correspondence
"Assignments, deeds, conveyances"
Correspondence
Correspondence
Leases
Correspondence
Correspondence
Leases
Correspondence
Leases
Leases
Correspondence
Correspondence
Correspondence
Leases
Contract
"Assignments, deeds, conveyances"
Leases
Correspondence
Correspondence
Leases
Correspondence
Correspondence
Correspondence
Correspondence
Correspondence
Correspondence
Correspondence
Correspondence
Correspondence
Correspondence
Correspondence
Correspondence
Correspondence
Correspondence
"Assignments, deeds, conveyances"
"Assignments, deeds, conveyances"
Leases
Correspondence
Leases
Division orders
Correspondence
Correspondence
Leases
Leases
Correspondence
Correspondence
Correspondence
Correspondence
Correspondence
Correspondence
Correspondence
Correspondence
Correspondence
Correspondence
Correspondence
"Assignments, deeds, conveyances"
Correspondence
Correspondence
Correspondence
Leases
Leases
Correspondence
Leases
Correspondence
Leases
Leases
Leases
Correspondence
Correspondence
Division orders
Correspondence
Leases
Correspondence
"Assignments, deeds, conveyances"
Leases
Correspondence
Correspondence
Correspondence
Correspondence
Correspondence
Correspondence
Correspondence
Correspondence
Correspondence
Correspondence
Leases
Correspondence
Leases
Correspondence
Correspondence
Correspondence
Correspondence
Correspondence
Correspondence
Correspondence
Correspondence
Production-Operation report
Leases
Correspondence
Correspondence
Leases
Correspondence
Correspondence
Correspondence
Correspondence
Leases
Correspondence
Leases
Correspondence
Contract
Leases
Correspondence
Correspondence
"Assignments, deeds, conveyances"
Correspondence
Correspondence
Correspondence
Correspondence
Correspondence
Correspondence
Correspondence
"Assignments, deeds, conveyances"
"Assignments, deeds, conveyances"
Correspondence
Correspondence
Correspondence
Correspondence
"Assignments, deeds, conveyances"
"Assignments, deeds, conveyances"
Correspondence
Leases
Correspondence
Leases
Correspondence
Leases
Correspondence
Correspondence
"Assignments, deeds, conveyances"
Leases
"Assignments, deeds, conveyances"
Correspondence
Correspondence
Correspondence
Correspondence
Correspondence
Correspondence
Leases
Correspondence
"Assignments, deeds, conveyances"
Correspondence
Leases
Correspondence
Correspondence
Leases
Correspondence
Leases
Correspondence
Leases
Correspondence
Correspondence
Correspondence
Correspondence
Correspondence
Leases
Correspondence
Correspondence
"Assignments, deeds, conveyances"
Correspondence
Correspondence
"Assignments, deeds, conveyances"
Correspondence
"Assignments, deeds, conveyances"
Correspondence
"Assignments, deeds, conveyances"
Correspondence
Correspondence
Correspondence
Correspondence
Correspondence
Correspondence
"Assignments, deeds, conveyances"
Correspondence
Correspondence
Leases
Correspondence
Correspondence
Correspondence
"Assignments, deeds, conveyances"
Correspondence
Correspondence
Correspondence
Correspondence
Division orders
"Assignments, deeds, conveyances"
Correspondence
Correspondence
Correspondence
Correspondence
Correspondence
Leases
"Assignments, deeds, conveyances"
Correspondence
Leases
Correspondence
Correspondence
Correspondence
Correspondence
Leases
Leases
Correspondence
Correspondence
Correspondence
Leases
Correspondence
Correspondence
Correspondence
Correspondence
Correspondence
Correspondence
Correspondence
"Assignments, deeds, conveyances"
"Assignments, deeds, conveyances"
Correspondence
"Assignments, deeds, conveyances"
Correspondence
Correspondence
Correspondence
Correspondence
Correspondence
Correspondence
Correspondence
Correspondence
"Assignments, deeds, conveyances"
"Assignments, deeds, conveyances"
Correspondence
"Assignments, deeds, conveyances"
Leases
Correspondence
Correspondence
Correspondence
"Assignments, deeds, conveyances"
Correspondence
Correspondence
Correspondence
Correspondence
Correspondence
Correspondence
Correspondence
Correspondence
Correspondence
Correspondence
Correspondence
Correspondence
Correspondence
Leases
Leases
"Assignments, deeds, conveyances"
Correspondence
Correspondence
Correspondence
Correspondence
Correspondence
Correspondence
"Assignments, deeds, conveyances"
Correspondence
"Assignments, deeds, conveyances"
Correspondence
Correspondence
Correspondence
Correspondence
Correspondence
Correspondence
Correspondence
Correspondence
Correspondence
Correspondence
Correspondence
Correspondence
"Assignments, deeds, conveyances"
"Assignments, deeds, conveyances"
Correspondence
Leases
Leases
Correspondence
Correspondence
Correspondence
"Assignments, deeds, conveyances"
Correspondence
Correspondence
Correspondence
Correspondence
Correspondence
Correspondence
Other 
"Assignments, deeds, conveyances"
Leases
Correspondence
Correspondence
Correspondence
Correspondence
Correspondence
Correspondence
Correspondence
Production-Operation report
Correspondence
Correspondence
Correspondence
Correspondence
Correspondence
Correspondence
"Assignments, deeds, conveyances"
Correspondence
Correspondence
Correspondence
Leases
Correspondence
Correspondence
Correspondence
Correspondence
Leases
Correspondence
Leases
"Assignments, deeds, conveyances"
Correspondence
Correspondence
Correspondence
"Assignments, deeds, conveyances"
Correspondence
"Assignments, deeds, conveyances"
Correspondence
"Assignments, deeds, conveyances"
Correspondence
Correspondence
Correspondence
Correspondence
Correspondence
Correspondence
Correspondence
"Assignments, deeds, conveyances"
Correspondence
Correspondence
"Assignments, deeds, conveyances"
Correspondence
Leases
Correspondence
Correspondence
Correspondence
Correspondence
Correspondence
"Assignments, deeds, conveyances"
Leases
"Assignments, deeds, conveyances"
Correspondence
Correspondence
Correspondence
Correspondence
Correspondence
Correspondence
Correspondence
"Assignments, deeds, conveyances"
Correspondence
Correspondence
Leases
Correspondence
Correspondence
Leases
Correspondence
Correspondence
Correspondence
Correspondence
Correspondence
"Assignments, deeds, conveyances"
Correspondence
Correspondence
Correspondence
Correspondence
Correspondence
"Assignments, deeds, conveyances"
Leases
"Assignments, deeds, conveyances"
Correspondence
Correspondence
Correspondence
Leases
Correspondence
"Assignments, deeds, conveyances"
"Assignments, deeds, conveyances"
"Assignments, deeds, conveyances"
Correspondence
Correspondence
Correspondence
Correspondence
Correspondence
Correspondence
Correspondence
Correspondence
Correspondence
"Assignments, deeds, conveyances"
Correspondence
Correspondence
Leases
"Assignments, deeds, conveyances"
Leases
Correspondence
Correspondence
"Assignments, deeds, conveyances"
Correspondence
Leases
Leases
"Assignments, deeds, conveyances"
"Assignments, deeds, conveyances"
"Assignments, deeds, conveyances"
Correspondence
Correspondence
Correspondence
Correspondence
Division orders
Leases
"Assignments, deeds, conveyances"
Leases
Correspondence
Correspondence
Correspondence
Correspondence
Leases
Correspondence
Correspondence
Leases
"Assignments, deeds, conveyances"
"Assignments, deeds, conveyances"
"Assignments, deeds, conveyances"
Correspondence
Leases
Correspondence
Correspondence
Correspondence
Leases
Correspondence
Correspondence
Correspondence
Correspondence
Leases
Correspondence
Correspondence
Correspondence
Correspondence
Correspondence
Correspondence
Leases
Correspondence
Correspondence
Correspondence
Contract
Correspondence
Correspondence
Leases
Contract
"Assignments, deeds, conveyances"
Leases
"Assignments, deeds, conveyances"
Correspondence
Leases
Correspondence
"Assignments, deeds, conveyances"
Correspondence
"Assignments, deeds, conveyances"
Leases
"Assignments, deeds, conveyances"
Correspondence
Leases
Leases
Correspondence
Correspondence
Correspondence
Correspondence
Leases
Correspondence
Correspondence
Correspondence
Correspondence
Correspondence
Correspondence
Correspondence
Correspondence
Correspondence
Leases
Correspondence
Correspondence
Leases
Correspondence
Correspondence
Correspondence
Correspondence
Correspondence
Correspondence
Correspondence
Correspondence
Correspondence
Correspondence
Correspondence
Correspondence
Correspondence
Correspondence
"Assignments, deeds, conveyances"
Correspondence
Division orders
Correspondence
"Assignments, deeds, conveyances"
Correspondence
Correspondence
"Assignments, deeds, conveyances"
Leases
Leases
Correspondence
Correspondence
Correspondence
Correspondence
Leases
Correspondence
Correspondence
Correspondence
Leases
Correspondence
Correspondence
Correspondence
Leases
Correspondence
Correspondence
Correspondence
Correspondence
Correspondence
Correspondence
Leases
"Assignments, deeds, conveyances"
"Assignments, deeds, conveyances"
"Assignments, deeds, conveyances"
"Assignments, deeds, conveyances"
Leases
Correspondence
Correspondence
Leases
Correspondence
Correspondence
Correspondence
Correspondence
Correspondence
Correspondence
Correspondence
"Assignments, deeds, conveyances"
Correspondence
Correspondence
Correspondence
Correspondence
Correspondence
Leases
Correspondence
Leases
Correspondence
Correspondence
Correspondence
Correspondence
Correspondence
Correspondence
Correspondence
"Assignments, deeds, conveyances"
Division orders
"Assignments, deeds, conveyances"
"Assignments, deeds, conveyances"
Correspondence
Correspondence
"Assignments, deeds, conveyances"
"Assignments, deeds, conveyances"
"Assignments, deeds, conveyances"
Correspondence
Correspondence
Correspondence
"Assignments, deeds, conveyances"
Correspondence
Correspondence
Correspondence
"Assignments, deeds, conveyances"
"Assignments, deeds, conveyances"
Correspondence
Correspondence
"Assignments, deeds, conveyances"
Correspondence
Correspondence
Leases
Leases
Leases
Leases
Correspondence
"Assignments, deeds, conveyances"
Correspondence
Correspondence
Correspondence
Correspondence
Correspondence
Correspondence
Correspondence
"Assignments, deeds, conveyances"
Production-Operation report
Leases
Leases
Leases
Leases
Correspondence
Correspondence
Leases
Correspondence
"Assignments, deeds, conveyances"
"Assignments, deeds, conveyances"
Correspondence
Correspondence
Correspondence
"Assignments, deeds, conveyances"
Leases
Correspondence
Correspondence
Correspondence
Correspondence
Correspondence
Correspondence
Correspondence
"Assignments, deeds, conveyances"
Correspondence
Leases
"Assignments, deeds, conveyances"
Leases
Correspondence
Leases
Correspondence
Correspondence
Leases
"Assignments, deeds, conveyances"
Correspondence
Correspondence
Correspondence
Correspondence
Correspondence
"Assignments, deeds, conveyances"
"Assignments, deeds, conveyances"
Correspondence
Leases
Correspondence
Correspondence
Correspondence
"Assignments, deeds, conveyances"
Correspondence
"Assignments, deeds, conveyances"
Leases
Correspondence
Correspondence
Correspondence
Correspondence
Correspondence
Correspondence
"Assignments, deeds, conveyances"
Correspondence
Correspondence
Correspondence
Correspondence
Correspondence
Correspondence
Correspondence
Correspondence
"Assignments, deeds, conveyances"
Correspondence
Correspondence
"Assignments, deeds, conveyances"
Correspondence
Correspondence
Correspondence
Correspondence
Correspondence
Leases
Correspondence
"Assignments, deeds, conveyances"
Leases
Correspondence
Correspondence
Correspondence
Correspondence
Correspondence
Correspondence
"Assignments, deeds, conveyances"
"Assignments, deeds, conveyances"
Correspondence
Correspondence
Correspondence
Correspondence
Correspondence
Leases
Correspondence
Correspondence
Correspondence
Correspondence
Correspondence
Correspondence
Correspondence
Leases
Leases
Correspondence
Correspondence
Correspondence
"Assignments, deeds, conveyances"
Correspondence
Correspondence
Correspondence
Leases
Leases
Contract
Correspondence
Correspondence
Correspondence
"Assignments, deeds, conveyances"
Leases
Correspondence
Leases
"Assignments, deeds, conveyances"
Leases
Correspondence
Correspondence
"Assignments, deeds, conveyances"
Correspondence
Correspondence
"Assignments, deeds, conveyances"
Correspondence
Correspondence
Correspondence
Correspondence
Correspondence
Correspondence
Correspondence
Correspondence
Correspondence
Correspondence
Leases
Correspondence
Correspondence
Correspondence
Contract
Leases
Leases
Leases
Correspondence
Correspondence
"Assignments, deeds, conveyances"
Correspondence
Correspondence
Correspondence
"Assignments, deeds, conveyances"
Correspondence
Correspondence
Correspondence
Correspondence
Correspondence
Correspondence
Correspondence
Correspondence
Leases
Correspondence
Correspondence
Correspondence
Correspondence
Correspondence
Leases
"Assignments, deeds, conveyances"
Leases
Leases
Leases
Leases
Leases
"Assignments, deeds, conveyances"
Correspondence
Correspondence
"Assignments, deeds, conveyances"
Correspondence
Correspondence
Other 
Correspondence
Correspondence
Correspondence
Correspondence
Correspondence
Correspondence
Correspondence
Correspondence
Correspondence
Leases
Leases
Leases
Correspondence
Correspondence
Leases
Leases
"Assignments, deeds, conveyances"
Correspondence
Leases
Leases
Correspondence
Correspondence
Correspondence
Correspondence
"Assignments, deeds, conveyances"
"Assignments, deeds, conveyances"
Correspondence
Correspondence
"Assignments, deeds, conveyances"
Correspondence
Leases
Correspondence
Leases
Leases
Correspondence
"Assignments, deeds, conveyances"
Correspondence
Leases
Correspondence
Correspondence
Leases
"Assignments, deeds, conveyances"
Correspondence
"Assignments, deeds, conveyances"
Correspondence
Correspondence
Correspondence
Correspondence
Correspondence
Leases
Correspondence
Correspondence
Correspondence
Correspondence
Correspondence
Correspondence
Correspondence
Correspondence
Leases
Correspondence
Correspondence
Correspondence
"Assignments, deeds, conveyances"
Correspondence
Leases
Correspondence
Correspondence
Correspondence
Correspondence
Correspondence
Correspondence
Leases
Correspondence
"Assignments, deeds, conveyances"
Leases
Correspondence
Correspondence
Correspondence
Correspondence
Correspondence
Correspondence
"Assignments, deeds, conveyances"
Correspondence
Leases
Correspondence
Leases
"Assignments, deeds, conveyances"
Correspondence
Leases
"Assignments, deeds, conveyances"
Correspondence
Correspondence
Leases
Correspondence
Correspondence
Correspondence
Correspondence
"Assignments, deeds, conveyances"
Correspondence
"Assignments, deeds, conveyances"
Correspondence
"Assignments, deeds, conveyances"
Correspondence
Correspondence
Correspondence
Correspondence
Correspondence
Correspondence
Correspondence
Correspondence
Contract
Leases
Correspondence
Correspondence
Correspondence
Correspondence
"Assignments, deeds, conveyances"
Leases
"Assignments, deeds, conveyances"
Correspondence
Correspondence
Correspondence
"Assignments, deeds, conveyances"
Leases
Correspondence
Leases
Correspondence
Correspondence
"Assignments, deeds, conveyances"
Correspondence
Correspondence
Correspondence
Correspondence
"Assignments, deeds, conveyances"
Leases
Correspondence
Correspondence
"Assignments, deeds, conveyances"
Leases
Correspondence
Correspondence
Correspondence
Correspondence
Correspondence
Leases
Correspondence
Correspondence
Correspondence
Correspondence
Correspondence
"Assignments, deeds, conveyances"
Correspondence
Correspondence
Correspondence
Leases
Correspondence
Correspondence
Correspondence
"Assignments, deeds, conveyances"
Correspondence
Correspondence
Correspondence
Leases
Correspondence
Leases
Correspondence
Leases
Leases
"Assignments, deeds, conveyances"
Correspondence
Leases
Correspondence
Correspondence
Correspondence
Correspondence
Leases
Correspondence
Leases
Correspondence
Correspondence
"Assignments, deeds, conveyances"
Leases
"Assignments, deeds, conveyances"
Leases
Correspondence
Leases
Leases
Correspondence
Correspondence
Correspondence
Correspondence
Correspondence
Leases
Correspondence
Correspondence
Correspondence
Correspondence
Correspondence
Correspondence
Correspondence
Correspondence
Correspondence
Correspondence
Correspondence
"Assignments, deeds, conveyances"
Correspondence
Correspondence
Correspondence
Correspondence
Correspondence
Correspondence
"Assignments, deeds, conveyances"
Correspondence
Correspondence
Correspondence
Correspondence
Correspondence
Correspondence
Correspondence
Correspondence
"Assignments, deeds, conveyances"
Correspondence
Correspondence
Correspondence
Correspondence
Leases
"Assignments, deeds, conveyances"
"Assignments, deeds, conveyances"
Leases
Correspondence
Leases
Correspondence
Correspondence
"Assignments, deeds, conveyances"
Correspondence
Correspondence
Correspondence
Correspondence
Correspondence
Correspondence
Correspondence
Correspondence
"Assignments, deeds, conveyances"
Leases
"Assignments, deeds, conveyances"
Correspondence
Correspondence
Correspondence
Correspondence
Correspondence
Correspondence
Leases
Correspondence
Correspondence
Leases
Correspondence
Correspondence
Correspondence
Correspondence
Leases
Correspondence
Leases
Leases
Correspondence
Correspondence
Correspondence
Correspondence
Correspondence
Correspondence
Correspondence
Leases
Correspondence
Correspondence
Contract
Correspondence
Correspondence
Correspondence
Correspondence
Correspondence
Contract
Correspondence
Correspondence
Correspondence
Correspondence
Correspondence
Correspondence
Correspondence
"Assignments, deeds, conveyances"
Correspondence
Correspondence
Correspondence
Correspondence
"Assignments, deeds, conveyances"
Correspondence
Correspondence
"Assignments, deeds, conveyances"
Leases
Correspondence
Correspondence
Correspondence
Correspondence
Correspondence
Correspondence
"Assignments, deeds, conveyances"
Leases
"Assignments, deeds, conveyances"
"Assignments, deeds, conveyances"
Correspondence
Correspondence
"Assignments, deeds, conveyances"
Correspondence
Correspondence
"Assignments, deeds, conveyances"
Production-Operation report
Correspondence
Correspondence
Correspondence
Leases
Production-Operation report
"Assignments, deeds, conveyances"
Correspondence
Leases
"Assignments, deeds, conveyances"
Correspondence
Correspondence
Correspondence
"Assignments, deeds, conveyances"
Correspondence
Correspondence
Correspondence
"Assignments, deeds, conveyances"
Correspondence
Correspondence
Correspondence
"Assignments, deeds, conveyances"
Correspondence
"Assignments, deeds, conveyances"
Correspondence
"Assignments, deeds, conveyances"
"Assignments, deeds, conveyances"
Correspondence
Correspondence
Correspondence
Correspondence
Correspondence
Correspondence
Correspondence
Correspondence
Correspondence
Other 
Leases
Correspondence
"Assignments, deeds, conveyances"
Correspondence
Correspondence
Correspondence
"Assignments, deeds, conveyances"
"Assignments, deeds, conveyances"
Correspondence
"Assignments, deeds, conveyances"
Correspondence
Correspondence
"Assignments, deeds, conveyances"
Leases
Correspondence
Correspondence
Correspondence
Correspondence
Correspondence
Correspondence
Correspondence
Correspondence
Correspondence
Correspondence
"Assignments, deeds, conveyances"
Contract
Correspondence
"Assignments, deeds, conveyances"
Correspondence
Leases
Correspondence
Leases
"Assignments, deeds, conveyances"
Correspondence
Correspondence
"Assignments, deeds, conveyances"
Correspondence
Correspondence
"Assignments, deeds, conveyances"
Correspondence
Correspondence
Correspondence
Correspondence
Correspondence
Leases
Leases
Correspondence
"Assignments, deeds, conveyances"
Leases
Correspondence
Correspondence
Correspondence
"Assignments, deeds, conveyances"
Correspondence
Correspondence
Correspondence
"Assignments, deeds, conveyances"
Correspondence
Correspondence
Correspondence
Correspondence
Correspondence
"Assignments, deeds, conveyances"
Correspondence
Correspondence
Correspondence
Leases
Correspondence
Correspondence
Correspondence
Correspondence
Correspondence
Leases
Correspondence
"Assignments, deeds, conveyances"
Correspondence
Correspondence
Correspondence
Correspondence
Correspondence
Correspondence
Correspondence
Leases
Leases
Leases
Leases
"Assignments, deeds, conveyances"
Leases
"Assignments, deeds, conveyances"
Correspondence
Correspondence
Correspondence
Correspondence
Correspondence
Correspondence
Correspondence
"Assignments, deeds, conveyances"
Correspondence
Correspondence
"Assignments, deeds, conveyances"
Correspondence
Leases
Correspondence
Leases
Leases
Correspondence
"Assignments, deeds, conveyances"
Correspondence
Production-Operation report
"Assignments, deeds, conveyances"
Correspondence
Correspondence
Correspondence
"Assignments, deeds, conveyances"
"Assignments, deeds, conveyances"
Correspondence
Correspondence
Correspondence
Correspondence
"Assignments, deeds, conveyances"
Correspondence
"Assignments, deeds, conveyances"
Correspondence
Correspondence
Correspondence
Correspondence
Correspondence
Correspondence
Correspondence
Correspondence
"Assignments, deeds, conveyances"
Leases
Correspondence
Correspondence
"Assignments, deeds, conveyances"
Correspondence
Leases
Leases
Correspondence
Correspondence
"Assignments, deeds, conveyances"
Correspondence
Correspondence
Correspondence
"Assignments, deeds, conveyances"
Correspondence
Correspondence
Correspondence
Correspondence
Correspondence
Correspondence
Correspondence
Correspondence
"Assignments, deeds, conveyances"
Correspondence
Correspondence
Leases
Correspondence
Correspondence
Correspondence
Correspondence
Correspondence
"Assignments, deeds, conveyances"
Correspondence
Correspondence
Correspondence
Correspondence
Leases
Leases
Correspondence
Correspondence
Correspondence
"Assignments, deeds, conveyances"
Correspondence
Correspondence
Correspondence
Correspondence
Correspondence
Leases
Correspondence
Correspondence
Correspondence
Correspondence
Correspondence
Leases
Correspondence
Correspondence
Correspondence
Correspondence
Correspondence
Leases
Correspondence
Correspondence
Correspondence
Correspondence
"Assignments, deeds, conveyances"
Correspondence
Correspondence
Correspondence
Division orders
"Assignments, deeds, conveyances"
Correspondence
Correspondence
Leases
Correspondence
Correspondence
Leases
Leases
Correspondence
"Assignments, deeds, conveyances"
Correspondence
Leases
Correspondence
Correspondence
Correspondence
Correspondence
Leases
Correspondence
Correspondence
Correspondence
"Assignments, deeds, conveyances"
Correspondence
Correspondence
Correspondence
Correspondence
Leases
Correspondence
"Assignments, deeds, conveyances"
Correspondence
Leases
"Assignments, deeds, conveyances"
Leases
Correspondence
Correspondence
Correspondence
Correspondence
Correspondence
Correspondence
Correspondence
Correspondence
Leases
Correspondence
Correspondence
Correspondence
Correspondence
"Assignments, deeds, conveyances"
Leases
Correspondence
"Assignments, deeds, conveyances"
Leases
Correspondence
Correspondence
Leases
Leases
Correspondence
Correspondence
"Assignments, deeds, conveyances"
Correspondence
Leases
"Assignments, deeds, conveyances"
Correspondence
Correspondence
Correspondence
Correspondence
Correspondence
"Assignments, deeds, conveyances"
"Assignments, deeds, conveyances"
Leases
Leases
Leases
Correspondence
Leases
Correspondence
Correspondence
Correspondence
Correspondence
"Assignments, deeds, conveyances"
Correspondence
"Assignments, deeds, conveyances"
Correspondence
Correspondence
"Assignments, deeds, conveyances"
Correspondence
Correspondence
Correspondence
Correspondence
"Assignments, deeds, conveyances"
Leases
Correspondence
Leases
Correspondence
Correspondence
Correspondence
"Assignments, deeds, conveyances"
Correspondence
Leases
Leases
Correspondence
Correspondence
"Assignments, deeds, conveyances"
"Assignments, deeds, conveyances"
Correspondence
Correspondence
Correspondence
"Assignments, deeds, conveyances"
Correspondence
Correspondence
Correspondence
Correspondence
Correspondence
Correspondence
Correspondence
Leases
Correspondence
Correspondence
Leases
Correspondence
Correspondence
"Assignments, deeds, conveyances"
Leases
Correspondence
Correspondence
Correspondence
Correspondence
"Assignments, deeds, conveyances"
Correspondence
Correspondence
Correspondence
Correspondence
Correspondence
Correspondence
Leases
Correspondence
Correspondence
Correspondence
Correspondence
Correspondence
"Assignments, deeds, conveyances"
Leases
Correspondence
Correspondence
Correspondence
"Assignments, deeds, conveyances"
Correspondence
"Assignments, deeds, conveyances"
Leases
Leases
"Assignments, deeds, conveyances"
"Assignments, deeds, conveyances"
Correspondence
Correspondence
Leases
Correspondence
Leases
Correspondence
Correspondence
Correspondence
Correspondence
Leases
Correspondence
"Assignments, deeds, conveyances"
Correspondence
Correspondence
Correspondence
Correspondence
Correspondence
Correspondence
Correspondence
Correspondence
Correspondence
Correspondence
Correspondence
Leases
Correspondence
Correspondence
Correspondence
Correspondence
Correspondence
Correspondence
"Assignments, deeds, conveyances"
"Assignments, deeds, conveyances"
Correspondence
Correspondence
Correspondence
Correspondence
Correspondence
Correspondence
"Assignments, deeds, conveyances"
Correspondence
"Assignments, deeds, conveyances"
Correspondence
Correspondence
Correspondence
Correspondence
"Assignments, deeds, conveyances"
Leases
Correspondence
"Assignments, deeds, conveyances"
Correspondence
Leases
Correspondence
Correspondence
Leases
Leases
Leases
"Assignments, deeds, conveyances"
Correspondence
Correspondence
Correspondence
Correspondence
Correspondence
Correspondence
Correspondence
Leases
Correspondence
Correspondence
Correspondence
Correspondence
Correspondence
Correspondence
"Assignments, deeds, conveyances"
Correspondence
Leases
Correspondence
Correspondence
Correspondence
Correspondence
Correspondence
Correspondence
Correspondence
"Assignments, deeds, conveyances"
Leases
Correspondence
"Assignments, deeds, conveyances"
Correspondence
Correspondence
Contract
Correspondence
Contract
Correspondence
Correspondence
Correspondence
"Assignments, deeds, conveyances"
Correspondence
Leases
Correspondence
Correspondence
"Assignments, deeds, conveyances"
Correspondence
Correspondence
Correspondence
Correspondence
Correspondence
"Assignments, deeds, conveyances"
Contract
Correspondence
Correspondence
Correspondence
"Assignments, deeds, conveyances"
Correspondence
"Assignments, deeds, conveyances"
Correspondence
Correspondence
Correspondence
Leases
Leases
Correspondence
Correspondence
Leases
"Assignments, deeds, conveyances"
Correspondence
Correspondence
Contract
Correspondence
Correspondence
Correspondence
Correspondence
Correspondence
Correspondence
Correspondence
Leases
"Assignments, deeds, conveyances"
Correspondence
Correspondence
Correspondence
Correspondence
Correspondence
Leases
"Assignments, deeds, conveyances"
Correspondence
Correspondence
"Assignments, deeds, conveyances"
Correspondence
Correspondence
Leases
"Assignments, deeds, conveyances"
Leases
Correspondence
"Assignments, deeds, conveyances"
"Assignments, deeds, conveyances"
Correspondence
Leases
Leases
Correspondence
Leases
Leases
Correspondence
Correspondence
Correspondence
Correspondence
"Assignments, deeds, conveyances"
Correspondence
Correspondence
Correspondence
Leases
Correspondence
Correspondence
Correspondence
Correspondence
Leases
Correspondence
Correspondence
Correspondence
Leases
Division orders
Correspondence
Correspondence
Correspondence
Correspondence
Correspondence
Correspondence
Leases
"Assignments, deeds, conveyances"
Correspondence
Leases
Correspondence
Leases
Leases
Leases
Correspondence
Correspondence
Correspondence
Correspondence
Correspondence
Correspondence
Correspondence
Correspondence
"Assignments, deeds, conveyances"
Correspondence
Leases
Correspondence
Correspondence
Leases
Correspondence
"Assignments, deeds, conveyances"
Correspondence
Correspondence
"Assignments, deeds, conveyances"
Correspondence
"Assignments, deeds, conveyances"
Correspondence
Correspondence
Leases
Correspondence
Leases
"Assignments, deeds, conveyances"
Correspondence
Correspondence
"Assignments, deeds, conveyances"
Correspondence
Correspondence
Correspondence
Leases
Other 
Leases
Correspondence
Leases
Correspondence
Correspondence
Correspondence
Correspondence
Correspondence
Leases
Correspondence
Correspondence
Leases
Correspondence
Correspondence
Correspondence
Correspondence
Correspondence
Correspondence
Correspondence
Correspondence
Leases
Leases
"Assignments, deeds, conveyances"
Correspondence
Leases
Correspondence
Correspondence
Correspondence
"Assignments, deeds, conveyances"
Leases
Correspondence
Correspondence
Correspondence
Correspondence
Correspondence
Contract
Correspondence
"Assignments, deeds, conveyances"
Correspondence
Leases
Leases
Correspondence
Leases
Correspondence
Correspondence
Correspondence
Correspondence
Correspondence
"Assignments, deeds, conveyances"
Correspondence
Correspondence
Leases
Correspondence
"Assignments, deeds, conveyances"
Correspondence
Correspondence
Correspondence
"Assignments, deeds, conveyances"
"Assignments, deeds, conveyances"
Correspondence
Correspondence
Correspondence
Correspondence
"Assignments, deeds, conveyances"
Correspondence
"Assignments, deeds, conveyances"
Correspondence
Leases
Leases
Correspondence
Correspondence
Correspondence
Correspondence
Correspondence
Leases
Correspondence
Correspondence
Leases
Correspondence
Correspondence
Correspondence
Correspondence
Correspondence
Correspondence
Correspondence
Correspondence
Leases
Correspondence
Correspondence
Correspondence
Correspondence
Leases
Leases
Correspondence
Correspondence
Correspondence
Correspondence
Correspondence
Leases
Leases
Leases
Correspondence
Correspondence
Correspondence
Correspondence
Leases
Correspondence
"Assignments, deeds, conveyances"
Leases
Correspondence
Leases
Correspondence
Correspondence
Correspondence
Leases
Leases
Leases
Correspondence
"Assignments, deeds, conveyances"
Correspondence
"Assignments, deeds, conveyances"
Correspondence
"Assignments, deeds, conveyances"
Correspondence
Leases
"Assignments, deeds, conveyances"
"Assignments, deeds, conveyances"
"Assignments, deeds, conveyances"
Leases
Leases
Production-Operation report
Correspondence
Correspondence
"Assignments, deeds, conveyances"
Correspondence
Correspondence
Correspondence
Leases
Correspondence
Correspondence
Correspondence
Correspondence
Correspondence
Correspondence
Correspondence
Correspondence
Correspondence
Leases
Correspondence
Correspondence
Correspondence
Correspondence
Correspondence
Correspondence
"Assignments, deeds, conveyances"
Correspondence
Correspondence
Leases
Leases
Leases
Correspondence
Correspondence
Correspondence
Correspondence
Correspondence
Leases
Correspondence
Correspondence
Correspondence
Correspondence
Correspondence
Correspondence
Correspondence
Correspondence
"Assignments, deeds, conveyances"
Correspondence
Correspondence
Leases
Correspondence
Correspondence
Correspondence
Correspondence
Correspondence
Correspondence
Correspondence
Leases
Correspondence
Contract
Correspondence
Correspondence
Leases
Correspondence
"Assignments, deeds, conveyances"
Leases
Correspondence
"Assignments, deeds, conveyances"
Leases
Correspondence
Correspondence
Leases
"Assignments, deeds, conveyances"
Correspondence
Correspondence
Correspondence
"Assignments, deeds, conveyances"
Correspondence
Correspondence
Correspondence
Correspondence
Correspondence
Correspondence
Leases
Correspondence
Leases
"Assignments, deeds, conveyances"
"Assignments, deeds, conveyances"
Correspondence
Correspondence
Correspondence
Correspondence
"Assignments, deeds, conveyances"
Correspondence
Correspondence
Correspondence
Correspondence
Correspondence
Correspondence
Correspondence
"Assignments, deeds, conveyances"
Correspondence
Correspondence
Correspondence
Correspondence
Correspondence
Correspondence
Leases
Correspondence
Correspondence
Correspondence
"Assignments, deeds, conveyances"
Correspondence
Correspondence
"Assignments, deeds, conveyances"
Leases
Correspondence
Correspondence
Correspondence
"Assignments, deeds, conveyances"
Correspondence
"Assignments, deeds, conveyances"
Correspondence
Correspondence
Correspondence
Correspondence
Correspondence
Leases
Correspondence
Correspondence
Correspondence
"Assignments, deeds, conveyances"
Correspondence
Correspondence
Correspondence
Correspondence
Correspondence
Leases
Correspondence
Correspondence
Correspondence
Correspondence
Correspondence
"Assignments, deeds, conveyances"
Correspondence
Correspondence
Correspondence
"Assignments, deeds, conveyances"
Correspondence
Correspondence
Leases
Correspondence
"Assignments, deeds, conveyances"
Correspondence
Other 
Correspondence
Correspondence
Leases
Correspondence
Correspondence
Leases
Correspondence
Correspondence
Correspondence
Correspondence
Correspondence
Correspondence
Correspondence
"Assignments, deeds, conveyances"
"Assignments, deeds, conveyances"
Correspondence
Correspondence
Correspondence
Correspondence
"Assignments, deeds, conveyances"
Correspondence
Correspondence
Correspondence
Correspondence
Correspondence
Leases
"Assignments, deeds, conveyances"
Correspondence
"Assignments, deeds, conveyances"
"Assignments, deeds, conveyances"
Correspondence
Correspondence
"Assignments, deeds, conveyances"
Leases
Correspondence
Correspondence
Correspondence
Leases
Correspondence
Correspondence
Correspondence
Correspondence
Leases
"Assignments, deeds, conveyances"
Correspondence
Correspondence
Correspondence
Correspondence
Correspondence
Correspondence
Correspondence
Correspondence
Correspondence
Correspondence
Leases
Correspondence
Correspondence
Correspondence
Correspondence
Correspondence
Correspondence
Correspondence
Correspondence
Correspondence
Correspondence
Correspondence
Correspondence
Correspondence
Correspondence
Leases
Correspondence
Correspondence
Correspondence
Correspondence
"Assignments, deeds, conveyances"
Correspondence
Correspondence
Correspondence
Correspondence
Correspondence
Correspondence
Leases
Correspondence
Correspondence
Correspondence
Correspondence
Correspondence
Leases
Correspondence
Correspondence
Leases
Correspondence
Correspondence
Correspondence
Correspondence
Correspondence
Correspondence
Correspondence
Leases
"Assignments, deeds, conveyances"
Correspondence
Correspondence
Correspondence
Leases
Correspondence
Correspondence
Correspondence
Leases
Correspondence
Correspondence
Contract
Correspondence
"Assignments, deeds, conveyances"
Correspondence
Leases
Correspondence
Correspondence
Leases
Correspondence
Correspondence
Correspondence
"Assignments, deeds, conveyances"
Correspondence
Correspondence
Correspondence
Correspondence
Correspondence
Correspondence
Correspondence
Correspondence
"Assignments, deeds, conveyances"
Leases
Correspondence
Correspondence
Leases
Correspondence
"Assignments, deeds, conveyances"
Correspondence
Correspondence
Correspondence
Leases
Correspondence
Leases
Correspondence
Correspondence
Correspondence
Correspondence
Leases
Correspondence
Production-Operation report
Correspondence
"Assignments, deeds, conveyances"
Correspondence
Correspondence
Leases
Correspondence
Correspondence
Correspondence
Leases
Leases
Correspondence
Correspondence
Correspondence
Correspondence
Correspondence
Leases
Correspondence
Correspondence
Leases
Correspondence
Correspondence
Leases
Leases
Correspondence
"Assignments, deeds, conveyances"
"Assignments, deeds, conveyances"
Correspondence
Correspondence
Correspondence
Correspondence
Correspondence
Correspondence
"Assignments, deeds, conveyances"
Correspondence
Leases
Leases
Correspondence
Correspondence
"Assignments, deeds, conveyances"
Correspondence
Correspondence
Correspondence
Correspondence
Leases
Correspondence
Correspondence
Correspondence
"Assignments, deeds, conveyances"
Correspondence
Division orders
Leases
Leases
Correspondence
"Assignments, deeds, conveyances"
Leases
Correspondence
"Assignments, deeds, conveyances"
Correspondence
Correspondence
Leases
Correspondence
Correspondence
Correspondence
Correspondence
Leases
Correspondence
Leases
Leases
Correspondence
Correspondence
Correspondence
Correspondence
Correspondence
Correspondence
Correspondence
Leases
Leases
Correspondence
Correspondence
Correspondence
Correspondence
Correspondence
Correspondence
Leases
Correspondence
"Assignments, deeds, conveyances"
Correspondence
Correspondence
Correspondence
Correspondence
Division orders
Correspondence
Correspondence
Correspondence
Correspondence
Correspondence
Correspondence
Correspondence
Correspondence
Leases
Correspondence
Correspondence
Correspondence
Leases
Correspondence
Correspondence
Correspondence
Leases
Correspondence
Correspondence
Leases
Correspondence
Correspondence
Leases
Correspondence
"Assignments, deeds, conveyances"
Leases
Correspondence
"Assignments, deeds, conveyances"
Correspondence
Correspondence
Correspondence
Correspondence
Correspondence
Leases
Correspondence
Correspondence
Correspondence
"Assignments, deeds, conveyances"
Correspondence
Correspondence
Other 
Correspondence
Correspondence
Contract
Correspondence
Leases
Correspondence
Correspondence
Correspondence
Correspondence
Leases
"Assignments, deeds, conveyances"
"Assignments, deeds, conveyances"
"Assignments, deeds, conveyances"
Correspondence
Leases
Leases
Correspondence
Correspondence
Correspondence
Correspondence
Correspondence
Correspondence
Correspondence
Correspondence
Correspondence
Correspondence
"Assignments, deeds, conveyances"
Correspondence
Correspondence
Correspondence
Leases
Correspondence
Correspondence
Leases
Correspondence
Correspondence
"Assignments, deeds, conveyances"
Correspondence
Correspondence
Correspondence
Correspondence
Correspondence
"Assignments, deeds, conveyances"
Correspondence
Correspondence
Correspondence
Correspondence
Correspondence
Correspondence
Correspondence
Correspondence
Correspondence
Correspondence
Correspondence
Correspondence
Correspondence
Leases
Correspondence
Leases
Correspondence
Correspondence
Correspondence
Correspondence
Correspondence
Correspondence
Correspondence
Correspondence
Correspondence
Correspondence
Correspondence
Correspondence
Correspondence
Correspondence
Correspondence
Correspondence
Leases
Correspondence
Correspondence
Correspondence
Leases
Leases
"Assignments, deeds, conveyances"
Leases
Correspondence
Leases
Correspondence
Correspondence
Correspondence
"Assignments, deeds, conveyances"
"Assignments, deeds, conveyances"
Correspondence
Correspondence
Correspondence
Correspondence
Correspondence
Correspondence
"Assignments, deeds, conveyances"
Correspondence
Leases
Correspondence
Correspondence
"Assignments, deeds, conveyances"
Correspondence
Leases
Correspondence
Correspondence
Leases
Correspondence
"Assignments, deeds, conveyances"
Correspondence
Correspondence
Correspondence
Correspondence
"Assignments, deeds, conveyances"
"Assignments, deeds, conveyances"
Leases
Correspondence
Correspondence
"Assignments, deeds, conveyances"
Correspondence
Correspondence
Correspondence
Leases
Correspondence
Correspondence
"Assignments, deeds, conveyances"
Correspondence
Correspondence
"Assignments, deeds, conveyances"
"Assignments, deeds, conveyances"
Correspondence
Correspondence
Leases
Correspondence
"Assignments, deeds, conveyances"
Correspondence
Correspondence
Correspondence
"Assignments, deeds, conveyances"
Correspondence
Correspondence
Correspondence
"Assignments, deeds, conveyances"
Leases
Correspondence
Correspondence
Correspondence
"Assignments, deeds, conveyances"
Correspondence
Correspondence
"Assignments, deeds, conveyances"
Correspondence
"Assignments, deeds, conveyances"
Correspondence
"Assignments, deeds, conveyances"
Correspondence
"Assignments, deeds, conveyances"
"Assignments, deeds, conveyances"
Correspondence
Correspondence
"Assignments, deeds, conveyances"
"Assignments, deeds, conveyances"
Correspondence
Leases
Correspondence
Correspondence
Correspondence
Correspondence
Correspondence
"Assignments, deeds, conveyances"
Leases
Correspondence
Correspondence
Correspondence
Correspondence
"Assignments, deeds, conveyances"
"Assignments, deeds, conveyances"
"Assignments, deeds, conveyances"
Leases
"Assignments, deeds, conveyances"
Correspondence
Correspondence
Correspondence
Correspondence
Correspondence
Correspondence
"Assignments, deeds, conveyances"
Correspondence
Correspondence
Correspondence
Correspondence
Leases
"Assignments, deeds, conveyances"
Correspondence
Correspondence
"Assignments, deeds, conveyances"
Correspondence
Correspondence
Correspondence
Leases
Leases
"Assignments, deeds, conveyances"
Correspondence
Correspondence
Correspondence
Correspondence
Correspondence
Correspondence
Correspondence
Correspondence
Leases
Correspondence
Correspondence
"Assignments, deeds, conveyances"
Other 
Correspondence
Correspondence
Correspondence
Correspondence
Correspondence
Correspondence
Leases
Correspondence
Correspondence
Correspondence
Correspondence
Correspondence
Correspondence
Correspondence
Correspondence
Leases
Correspondence
Correspondence
Correspondence
Correspondence
"Assignments, deeds, conveyances"
Correspondence
"Assignments, deeds, conveyances"
Correspondence
Correspondence
Correspondence
Leases
Correspondence
Leases
Correspondence
Correspondence
Correspondence
Leases
Correspondence
Correspondence
Correspondence
Correspondence
Correspondence
Correspondence
Correspondence
Correspondence
"Assignments, deeds, conveyances"
Correspondence
Correspondence
Correspondence
Correspondence
Correspondence
Leases
Correspondence
"Assignments, deeds, conveyances"
"Assignments, deeds, conveyances"
Correspondence
Correspondence
Correspondence
Leases
Leases
Correspondence
Leases
"Assignments, deeds, conveyances"
Correspondence
Correspondence
Correspondence
Correspondence
Correspondence
Correspondence
Correspondence
Leases
Contract
Leases
Leases
Correspondence
"Assignments, deeds, conveyances"
Correspondence
Correspondence
Correspondence
"Assignments, deeds, conveyances"
Correspondence
Correspondence
Correspondence
Correspondence
Correspondence
Correspondence
Correspondence
Correspondence
Correspondence
Leases
Correspondence
Correspondence
Correspondence
Correspondence
Correspondence
Correspondence
Leases
Correspondence
Correspondence
Correspondence
Correspondence
"Assignments, deeds, conveyances"
Correspondence
Correspondence
Leases
Correspondence
Correspondence
Correspondence
"Assignments, deeds, conveyances"
Correspondence
Correspondence
"Assignments, deeds, conveyances"
Correspondence
Correspondence
Correspondence
Correspondence
Leases
Correspondence
Correspondence
Correspondence
Division orders
Correspondence
Correspondence
Leases
Leases
Correspondence
"Assignments, deeds, conveyances"
Correspondence
Correspondence
Leases
Correspondence
Correspondence
"Assignments, deeds, conveyances"
Correspondence
Leases
Correspondence
Correspondence
Leases
Correspondence
"Assignments, deeds, conveyances"
Correspondence
Leases
Correspondence
"Assignments, deeds, conveyances"
Correspondence
"Assignments, deeds, conveyances"
Correspondence
Correspondence
Correspondence
Leases
Correspondence
Leases
Correspondence
Correspondence
Correspondence
Correspondence
Correspondence
"Assignments, deeds, conveyances"
Correspondence
Correspondence
Leases
Correspondence
"Assignments, deeds, conveyances"
Correspondence
Correspondence
"Assignments, deeds, conveyances"
Correspondence
Correspondence
Correspondence
Correspondence
Correspondence
Correspondence
Correspondence
Correspondence
"Assignments, deeds, conveyances"
Correspondence
Correspondence
"Assignments, deeds, conveyances"
Correspondence
Correspondence
Correspondence
Correspondence
Correspondence
Contract
Correspondence
Correspondence
"Assignments, deeds, conveyances"
Correspondence
"Assignments, deeds, conveyances"
Correspondence
Correspondence
Correspondence
Correspondence
Correspondence
Correspondence
Correspondence
Leases
"Assignments, deeds, conveyances"
Correspondence
Correspondence
Correspondence
Correspondence
Leases
Correspondence
Correspondence
Correspondence
Correspondence
Correspondence
Leases
Correspondence
Correspondence
Correspondence
Correspondence
Leases
Correspondence
Correspondence
Correspondence
Correspondence
"Assignments, deeds, conveyances"
Correspondence
Correspondence
Correspondence
Correspondence
Correspondence
Leases
Correspondence
"Assignments, deeds, conveyances"
Correspondence
Correspondence
Correspondence
Correspondence
Correspondence
Correspondence
Correspondence
Leases
Correspondence
Correspondence
Leases
Correspondence
Correspondence
Leases
"Assignments, deeds, conveyances"
Correspondence
Correspondence
Correspondence
Correspondence
Correspondence
Correspondence
Leases
Correspondence
Correspondence
"Assignments, deeds, conveyances"
Correspondence
Correspondence
Correspondence
Correspondence
Leases
Correspondence
Correspondence
Correspondence
Correspondence
Correspondence
Correspondence
"Assignments, deeds, conveyances"
Correspondence
Correspondence
Leases
"Assignments, deeds, conveyances"
Correspondence
"Assignments, deeds, conveyances"
"Assignments, deeds, conveyances"
Correspondence
Correspondence
"Assignments, deeds, conveyances"
Correspondence
Correspondence
Correspondence
Correspondence
"Assignments, deeds, conveyances"
Correspondence
Correspondence
Leases
Correspondence
"Assignments, deeds, conveyances"
Correspondence
Correspondence
Correspondence
Leases
Correspondence
Leases
Correspondence
"Assignments, deeds, conveyances"
Leases
Correspondence
Correspondence
Correspondence
"Assignments, deeds, conveyances"
"Assignments, deeds, conveyances"
Correspondence
"Assignments, deeds, conveyances"
"Assignments, deeds, conveyances"
Correspondence
Correspondence
Correspondence
Leases
Correspondence
Correspondence
"Assignments, deeds, conveyances"
Correspondence
Correspondence
Correspondence
Correspondence
Correspondence
Correspondence
Correspondence
Correspondence
Correspondence
Correspondence
Correspondence
Correspondence
"Assignments, deeds, conveyances"
Leases
Correspondence
Correspondence
Correspondence
Correspondence
Correspondence
"Assignments, deeds, conveyances"
Correspondence
Correspondence
Correspondence
Correspondence
"Assignments, deeds, conveyances"
Correspondence
Correspondence
Correspondence
Correspondence
Correspondence
Correspondence
Correspondence
Correspondence
Correspondence
"Assignments, deeds, conveyances"
Correspondence
Leases
Correspondence
Correspondence
Correspondence
Correspondence
Correspondence
Correspondence
"Assignments, deeds, conveyances"
"Assignments, deeds, conveyances"
Correspondence
Leases
Correspondence
Correspondence
Correspondence
"Assignments, deeds, conveyances"
Correspondence
Correspondence
Correspondence
Correspondence
Correspondence
"Assignments, deeds, conveyances"
"Assignments, deeds, conveyances"
Correspondence
Correspondence
Correspondence
Correspondence
Correspondence
"Assignments, deeds, conveyances"
"Assignments, deeds, conveyances"
Correspondence
Correspondence
Correspondence
Correspondence
Correspondence
Correspondence
Correspondence
Correspondence
Correspondence
Leases
"Assignments, deeds, conveyances"
Correspondence
Correspondence
Correspondence
Correspondence
Correspondence
Correspondence
Correspondence
Correspondence
Correspondence
Correspondence
Leases
Correspondence
Correspondence
Correspondence
Correspondence
Correspondence
Correspondence
Correspondence
Correspondence
Correspondence
Leases
Correspondence
"Assignments, deeds, conveyances"
Leases
"Assignments, deeds, conveyances"
Leases
Correspondence
"Assignments, deeds, conveyances"
"Assignments, deeds, conveyances"
Correspondence
Contract
Correspondence
Correspondence
Production-Operation report
Correspondence
Correspondence
Correspondence
Correspondence
Correspondence
Leases
"Assignments, deeds, conveyances"
Correspondence
Correspondence
Correspondence
Correspondence
Leases
"Assignments, deeds, conveyances"
Correspondence
Correspondence
Correspondence
Correspondence
Leases
Correspondence
Correspondence
Leases
Correspondence
Leases
Leases
Correspondence
Production-Operation report
Correspondence
"Assignments, deeds, conveyances"
Leases
Correspondence
Correspondence
Correspondence
Correspondence
Correspondence
Correspondence
Correspondence
Correspondence
Correspondence
Correspondence
Correspondence
Correspondence
"Assignments, deeds, conveyances"
Correspondence
Leases
Correspondence
Correspondence
Correspondence
Correspondence
Correspondence
Correspondence
Correspondence
Correspondence
Correspondence
Correspondence
Correspondence
"Assignments, deeds, conveyances"
Correspondence
Correspondence
Correspondence
Correspondence
Correspondence
Correspondence
Correspondence
Correspondence
Correspondence
Correspondence
Correspondence
Leases
Correspondence
Correspondence
Leases
Leases
Correspondence
Leases
Correspondence
Correspondence
Correspondence
Correspondence
Correspondence
Correspondence
Correspondence
Correspondence
Correspondence
Correspondence
Correspondence
Correspondence
Correspondence
Leases
Correspondence
Correspondence
Correspondence
Correspondence
Leases
"Assignments, deeds, conveyances"
Leases
Correspondence
Correspondence
"Assignments, deeds, conveyances"
Correspondence
Correspondence
"Assignments, deeds, conveyances"
"Assignments, deeds, conveyances"
Correspondence
Correspondence
Correspondence
Correspondence
Correspondence
Correspondence
Leases
Correspondence
Correspondence
Correspondence
Correspondence
Production-Operation report
Correspondence
Correspondence
"Assignments, deeds, conveyances"
Correspondence
"Assignments, deeds, conveyances"
Correspondence
"Assignments, deeds, conveyances"
Correspondence
Leases
Correspondence
Correspondence
Leases
Correspondence
Correspondence
Leases
Correspondence
Correspondence
Leases
Correspondence
Correspondence
Correspondence
Correspondence
Correspondence
Correspondence
Correspondence
"Assignments, deeds, conveyances"
Correspondence
Leases
Correspondence
Correspondence
Correspondence
Leases
Correspondence
"Assignments, deeds, conveyances"
"Assignments, deeds, conveyances"
Correspondence
Correspondence
Correspondence
Leases
Leases
Correspondence
Correspondence
Correspondence
"Assignments, deeds, conveyances"
Leases
Correspondence
Correspondence
Correspondence
Correspondence
Correspondence
Correspondence
Leases
Correspondence
Correspondence
Correspondence
Correspondence
Correspondence
Leases
Leases
"Assignments, deeds, conveyances"
Correspondence
Correspondence
Correspondence
Correspondence
Leases
Correspondence
Production-Operation report
Correspondence
Correspondence
Correspondence
Correspondence
Correspondence
Leases
Correspondence
Correspondence
Leases
Correspondence
Correspondence
"Assignments, deeds, conveyances"
Correspondence
Correspondence
Correspondence
Leases
Correspondence
"Assignments, deeds, conveyances"
Correspondence
Correspondence
Correspondence
Leases
"Assignments, deeds, conveyances"
Leases
"Assignments, deeds, conveyances"
Leases
"Assignments, deeds, conveyances"
Leases
Correspondence
"Assignments, deeds, conveyances"
Correspondence
Correspondence
Correspondence
Correspondence
Leases
Correspondence
Correspondence
Correspondence
Correspondence
Correspondence
Leases
Leases
Correspondence
Correspondence
Correspondence
Correspondence
"Assignments, deeds, conveyances"
Correspondence
Correspondence
Correspondence
Correspondence
Correspondence
"Assignments, deeds, conveyances"
Leases
"Assignments, deeds, conveyances"
Correspondence
"Assignments, deeds, conveyances"
"Assignments, deeds, conveyances"
Correspondence
"Assignments, deeds, conveyances"
Correspondence
Leases
Correspondence
Correspondence
Correspondence
Correspondence
Correspondence
Correspondence
Correspondence
"Assignments, deeds, conveyances"
Correspondence
Correspondence
Correspondence
"Assignments, deeds, conveyances"
Leases
Correspondence
Leases
Correspondence
Correspondence
Leases
"Assignments, deeds, conveyances"
Leases
Correspondence
Correspondence
Correspondence
Correspondence
Correspondence
Leases
Correspondence
Correspondence
Leases
Leases
Correspondence
Correspondence
Leases
Correspondence
Correspondence
"Assignments, deeds, conveyances"
Correspondence
"Assignments, deeds, conveyances"
"Assignments, deeds, conveyances"
Correspondence
Leases
Correspondence
Correspondence
Correspondence
Correspondence
Correspondence
Correspondence
Correspondence
Correspondence
"Assignments, deeds, conveyances"
"Assignments, deeds, conveyances"
Correspondence
Correspondence
Correspondence
Correspondence
Correspondence
Correspondence
Correspondence
Leases
Leases
Correspondence
"Assignments, deeds, conveyances"
Correspondence
Correspondence
Correspondence
Leases
Correspondence
Correspondence
Leases
Correspondence
Leases
Correspondence
"Assignments, deeds, conveyances"
Division orders
Leases
Correspondence
Leases
Correspondence
Correspondence
Correspondence
Correspondence
Correspondence
Correspondence
Correspondence
"Assignments, deeds, conveyances"
Correspondence
Correspondence
Correspondence
"Assignments, deeds, conveyances"
Correspondence
Correspondence
Correspondence
Correspondence
Correspondence
Correspondence
Correspondence
Correspondence
"Assignments, deeds, conveyances"
"Assignments, deeds, conveyances"
Correspondence
"Assignments, deeds, conveyances"
Leases
Leases
Leases
Correspondence
Production-Operation report
Correspondence
Correspondence
Leases
Correspondence
"Assignments, deeds, conveyances"
Correspondence
Correspondence
Correspondence
Leases
Correspondence
Correspondence
Correspondence
Correspondence
"Assignments, deeds, conveyances"
Correspondence
Leases
Correspondence
"Assignments, deeds, conveyances"
"Assignments, deeds, conveyances"
Correspondence
Correspondence
Leases
Correspondence
Correspondence
Correspondence
Correspondence
Correspondence
Leases
Correspondence
Correspondence
"Assignments, deeds, conveyances"
Correspondence
Correspondence
Correspondence
Correspondence
Correspondence
"Assignments, deeds, conveyances"
Correspondence
Correspondence
Correspondence
Correspondence
Correspondence
Correspondence
Correspondence
Correspondence
"Assignments, deeds, conveyances"
Correspondence
Correspondence
Correspondence
Correspondence
Correspondence
"Assignments, deeds, conveyances"
Correspondence
Correspondence
Correspondence
Correspondence
Correspondence
Leases
"Assignments, deeds, conveyances"
"Assignments, deeds, conveyances"
Correspondence
Correspondence
Correspondence
Correspondence
Correspondence
Contract
Leases
Correspondence
Leases
Correspondence
Correspondence
Correspondence
Leases
Correspondence
"Assignments, deeds, conveyances"
Correspondence
Correspondence
"Assignments, deeds, conveyances"
Correspondence
Correspondence
Correspondence
Correspondence
Correspondence
Correspondence
Leases
Correspondence
Correspondence
Correspondence
Correspondence
Leases
Correspondence
Correspondence
Correspondence
Leases
Correspondence
Correspondence
Correspondence
Leases
"Assignments, deeds, conveyances"
Correspondence
Correspondence
Correspondence
Correspondence
Correspondence
Correspondence
Correspondence
Correspondence
Correspondence
Correspondence
"Assignments, deeds, conveyances"
Leases
Correspondence
Correspondence
Correspondence
Leases
Correspondence
Correspondence
Correspondence
Leases
Correspondence
Leases
Correspondence
Correspondence
Correspondence
Correspondence
Correspondence
Correspondence
Correspondence
Correspondence
"Assignments, deeds, conveyances"
Correspondence
Correspondence
Correspondence
Correspondence
Leases
"Assignments, deeds, conveyances"
Correspondence
"Assignments, deeds, conveyances"
Correspondence
Leases
"Assignments, deeds, conveyances"
Correspondence
Correspondence
Correspondence
Correspondence
Correspondence
Correspondence
Correspondence
Correspondence
Correspondence
Correspondence
Correspondence
Correspondence
Leases
Correspondence
Correspondence
Leases
"Assignments, deeds, conveyances"
Correspondence
Leases
Leases
"Assignments, deeds, conveyances"
Correspondence
Correspondence
Correspondence
Correspondence
Leases
"Assignments, deeds, conveyances"
"Assignments, deeds, conveyances"
Correspondence
Correspondence
Correspondence
Correspondence
Leases
Leases
Correspondence
Correspondence
"Assignments, deeds, conveyances"
Leases
Correspondence
"Assignments, deeds, conveyances"
Correspondence
Correspondence
Correspondence
Correspondence
Correspondence
Correspondence
Correspondence
Correspondence
Correspondence
Leases
Correspondence
Leases
Leases
Correspondence
"Assignments, deeds, conveyances"
Correspondence
Correspondence
Contract
Correspondence
Correspondence
Correspondence
Correspondence
Correspondence
Correspondence
Leases
Leases
"Assignments, deeds, conveyances"
Leases
Leases
Correspondence
Correspondence
Correspondence
Correspondence
Correspondence
Correspondence
Correspondence
"Assignments, deeds, conveyances"
"Assignments, deeds, conveyances"
"Assignments, deeds, conveyances"
Correspondence
Correspondence
Correspondence
Correspondence
Correspondence
Correspondence
Correspondence
Leases
Leases
Correspondence
Leases
Leases
Correspondence
Correspondence
Correspondence
Correspondence
Correspondence
Correspondence
Leases
Leases
Correspondence
Correspondence
Correspondence
Correspondence
Correspondence
Correspondence
Correspondence
Correspondence
Correspondence
Correspondence
"Assignments, deeds, conveyances"
Correspondence
Correspondence
Correspondence
Correspondence
Leases
Correspondence
Correspondence
Correspondence
Correspondence
Correspondence
Correspondence
Correspondence
Leases
Correspondence
"Assignments, deeds, conveyances"
Correspondence
"Assignments, deeds, conveyances"
Correspondence
Correspondence
Leases
Correspondence
Correspondence
Correspondence
Correspondence
Correspondence
"Assignments, deeds, conveyances"
Correspondence
Correspondence
Correspondence
Division orders
Contract
Correspondence
"Assignments, deeds, conveyances"
Correspondence
Correspondence
Leases
Correspondence
Correspondence
Correspondence
Correspondence
Correspondence
Correspondence
Correspondence
Correspondence
Production-Operation report
Correspondence
Correspondence
"Assignments, deeds, conveyances"
Correspondence
Correspondence
Correspondence
"Assignments, deeds, conveyances"
Correspondence
Correspondence
Correspondence
Leases
"Assignments, deeds, conveyances"
Correspondence
Correspondence
Correspondence
Correspondence
Correspondence
Correspondence
Correspondence
Correspondence
Correspondence
Correspondence
Correspondence
Correspondence
Leases
Correspondence
Correspondence
Correspondence
Correspondence
Correspondence
"Assignments, deeds, conveyances"
Correspondence
Correspondence
Correspondence
Correspondence
Correspondence
Correspondence
Leases
Correspondence
Correspondence
Correspondence
Leases
Correspondence
Contract
Correspondence
Correspondence
Correspondence
Correspondence
Leases
Correspondence
Correspondence
Correspondence
Correspondence
Correspondence
Correspondence
Correspondence
Correspondence
Leases
Leases
Correspondence
Correspondence
Correspondence
"Assignments, deeds, conveyances"
Correspondence
Correspondence
"Assignments, deeds, conveyances"
Correspondence
Leases
Correspondence
Correspondence
Correspondence
Leases
Correspondence
Correspondence
Contract
Correspondence
Correspondence
Correspondence
Correspondence
Correspondence
Correspondence
Correspondence
Correspondence
Leases
Correspondence
Correspondence
Correspondence
Correspondence
Correspondence
Correspondence
Leases
"Assignments, deeds, conveyances"
Correspondence
Correspondence
Correspondence
Correspondence
Correspondence
Correspondence
Leases
Correspondence
Correspondence
Correspondence
Correspondence
Correspondence
Correspondence
"Assignments, deeds, conveyances"
Correspondence
Correspondence
"Assignments, deeds, conveyances"
Correspondence
Leases
Correspondence
Leases
"Assignments, deeds, conveyances"
Correspondence
Correspondence
Correspondence
Leases
Correspondence
Leases
"Assignments, deeds, conveyances"
Correspondence
Correspondence
Correspondence
Correspondence
Correspondence
Correspondence
Correspondence
Leases
Leases
"Assignments, deeds, conveyances"
Correspondence
Leases
Leases
Correspondence
Correspondence
"Assignments, deeds, conveyances"
Correspondence
Leases
Correspondence
Correspondence
Correspondence
Correspondence
Correspondence
"Assignments, deeds, conveyances"
Correspondence
Leases
"Assignments, deeds, conveyances"
Correspondence
Correspondence
Correspondence
Correspondence
"Assignments, deeds, conveyances"
Correspondence
Correspondence
Contract
"Assignments, deeds, conveyances"
Correspondence
Correspondence
Correspondence
Correspondence
Leases
Correspondence
Correspondence
Correspondence
Correspondence
Correspondence
Correspondence
Correspondence
"Assignments, deeds, conveyances"
Correspondence
Correspondence
Correspondence
Correspondence
Correspondence
Correspondence
Correspondence
Correspondence
"Assignments, deeds, conveyances"
Correspondence
Correspondence
Correspondence
Correspondence
Correspondence
Correspondence
Correspondence
Correspondence
"Assignments, deeds, conveyances"
Correspondence
Correspondence
Correspondence
Correspondence
Correspondence
"Assignments, deeds, conveyances"
Correspondence
Correspondence
Correspondence
"Assignments, deeds, conveyances"
Correspondence
Correspondence
Correspondence
Correspondence
Leases
"Assignments, deeds, conveyances"
Leases
Correspondence
Correspondence
"Assignments, deeds, conveyances"
Correspondence
Correspondence
Correspondence
Correspondence
Correspondence
"Assignments, deeds, conveyances"
Leases
"Assignments, deeds, conveyances"
Correspondence
"Assignments, deeds, conveyances"
"Assignments, deeds, conveyances"
Correspondence
Correspondence
Correspondence
Leases
"Assignments, deeds, conveyances"
Leases
Correspondence
Leases
Correspondence
Correspondence
"Assignments, deeds, conveyances"
Leases
"Assignments, deeds, conveyances"
Correspondence
Leases
Correspondence
Correspondence
Leases
Correspondence
Leases
Correspondence
Leases
Correspondence
Correspondence
Correspondence
Correspondence
Correspondence
"Assignments, deeds, conveyances"
"Assignments, deeds, conveyances"
Correspondence
Correspondence
Correspondence
Correspondence
Correspondence
Division orders
Leases
Correspondence
Correspondence
"Assignments, deeds, conveyances"
Correspondence
Correspondence
Leases
Correspondence
Correspondence
Correspondence
Correspondence
Correspondence
Leases
Correspondence
Correspondence
Correspondence
Correspondence
Correspondence
Leases
Correspondence
Correspondence
Correspondence
"Assignments, deeds, conveyances"
Correspondence
Correspondence
Correspondence
Correspondence
Correspondence
Correspondence
"Assignments, deeds, conveyances"
Leases
Correspondence
Correspondence
Correspondence
Correspondence
Correspondence
Correspondence
Correspondence
Correspondence
Leases
Correspondence
Leases
Leases
Correspondence
Leases
Correspondence
Leases
Production-Operation report
Correspondence
Correspondence
Leases
Leases
Correspondence
Leases
Correspondence
Leases
Correspondence
Correspondence
Correspondence
Correspondence
Correspondence
"Assignments, deeds, conveyances"
Correspondence
Correspondence
Correspondence
Correspondence
Correspondence
Leases
Correspondence
Correspondence
"Assignments, deeds, conveyances"
Correspondence
Correspondence
Correspondence
Correspondence
Correspondence
Correspondence
Correspondence
Correspondence
Leases
Correspondence
Correspondence
Correspondence
Correspondence
Correspondence
Correspondence
Correspondence
Correspondence
Correspondence
Correspondence
Correspondence
Correspondence
"Assignments, deeds, conveyances"
Correspondence
Correspondence
Correspondence
Correspondence
Leases
Leases
Leases
"Assignments, deeds, conveyances"
Correspondence
"Assignments, deeds, conveyances"
Correspondence
Correspondence
Correspondence
Correspondence
Correspondence
Correspondence
Correspondence
Correspondence
"Assignments, deeds, conveyances"
Correspondence
Correspondence
"Assignments, deeds, conveyances"
Correspondence
"Assignments, deeds, conveyances"
Correspondence
Correspondence
Correspondence
Correspondence
Correspondence
"Assignments, deeds, conveyances"
Correspondence
Division orders
Correspondence
Correspondence
Correspondence
Correspondence
Correspondence
"Assignments, deeds, conveyances"
Correspondence
Correspondence
Correspondence
Correspondence
Correspondence
Correspondence
"Assignments, deeds, conveyances"
Production-Operation report
"Assignments, deeds, conveyances"
Correspondence
"Assignments, deeds, conveyances"
Correspondence
Leases
"Assignments, deeds, conveyances"
Correspondence
"Assignments, deeds, conveyances"
"Assignments, deeds, conveyances"
Correspondence
Correspondence
Correspondence
Correspondence
Correspondence
Correspondence
Correspondence
Leases
Leases
Correspondence
Correspondence
Correspondence
Correspondence
Correspondence
Correspondence
Correspondence
"Assignments, deeds, conveyances"
Correspondence
Leases
Correspondence
Leases
Correspondence
Correspondence
"Assignments, deeds, conveyances"
Correspondence
"Assignments, deeds, conveyances"
Leases
Correspondence
Correspondence
"Assignments, deeds, conveyances"
Leases
Leases
Correspondence
Correspondence
Leases
Correspondence
Correspondence
Correspondence
Correspondence
Correspondence
Correspondence
"Assignments, deeds, conveyances"
Correspondence
Correspondence
Correspondence
Correspondence
Correspondence
Correspondence
Correspondence
Correspondence
"Assignments, deeds, conveyances"
Correspondence
Leases
"Assignments, deeds, conveyances"
Correspondence
Correspondence
Correspondence
Correspondence
Correspondence
"Assignments, deeds, conveyances"
Correspondence
Correspondence
Correspondence
Correspondence
Correspondence
Correspondence
Correspondence
Leases
Correspondence
Leases
Correspondence
Correspondence
Correspondence
Correspondence
Correspondence
Correspondence
Correspondence
Correspondence
Correspondence
Correspondence
Correspondence
Correspondence
Correspondence
Leases
"Assignments, deeds, conveyances"
Leases
Correspondence
"Assignments, deeds, conveyances"
"Assignments, deeds, conveyances"
Correspondence
Correspondence
"Assignments, deeds, conveyances"
Correspondence
Correspondence
Correspondence
Correspondence
"Assignments, deeds, conveyances"
Correspondence
Leases
Leases
Correspondence
Correspondence
Correspondence
Correspondence
Correspondence
Correspondence
Correspondence
Correspondence
Leases
Correspondence
Leases
Correspondence
Correspondence
Correspondence
Correspondence
Correspondence
Correspondence
Leases
Correspondence
Correspondence
Correspondence
Correspondence
Correspondence
Leases
Correspondence
Correspondence
Correspondence
Correspondence
Leases
Correspondence
Correspondence
Leases
Correspondence
"Assignments, deeds, conveyances"
Correspondence
Correspondence
Leases
Contract
"Assignments, deeds, conveyances"
"Assignments, deeds, conveyances"
Correspondence
Leases
Correspondence
Correspondence
Leases
Correspondence
Correspondence
Correspondence
Correspondence
Correspondence
Correspondence
Correspondence
Correspondence
Leases
Correspondence
Leases
Correspondence
Correspondence
Correspondence
Leases
Correspondence
"Assignments, deeds, conveyances"
Correspondence
"Assignments, deeds, conveyances"
Correspondence
Correspondence
Correspondence
Leases
Correspondence
Correspondence
Correspondence
Correspondence
Correspondence
Correspondence
"Assignments, deeds, conveyances"
Correspondence
Correspondence
Correspondence
Correspondence
Correspondence
Correspondence
Correspondence
"Assignments, deeds, conveyances"
Correspondence
"Assignments, deeds, conveyances"
Correspondence
Correspondence
Correspondence
Correspondence
Correspondence
Correspondence
Correspondence
Correspondence
Correspondence
Correspondence
Correspondence
Correspondence
Leases
Leases
Correspondence
Correspondence
Correspondence
Leases
Correspondence
Correspondence
Correspondence
Correspondence
Correspondence
Correspondence
Leases
Leases
Correspondence
"Assignments, deeds, conveyances"
Correspondence
"Assignments, deeds, conveyances"
Correspondence
"Assignments, deeds, conveyances"
Correspondence
Correspondence
Leases
Correspondence
Correspondence
Correspondence
Correspondence
Correspondence
"Assignments, deeds, conveyances"
Correspondence
Correspondence
Correspondence
"Assignments, deeds, conveyances"
Correspondence
Correspondence
Correspondence
Other 
Correspondence
Leases
Correspondence
Correspondence
Correspondence
Leases
Correspondence
Correspondence
Correspondence
Correspondence
Correspondence
Correspondence
Other 
Correspondence
"Assignments, deeds, conveyances"
"Assignments, deeds, conveyances"
Correspondence
Correspondence
Correspondence
Correspondence
Correspondence
Correspondence
Correspondence
Correspondence
Correspondence
"Assignments, deeds, conveyances"
Leases
Correspondence
"Assignments, deeds, conveyances"
Leases
"Assignments, deeds, conveyances"
"Assignments, deeds, conveyances"
Correspondence
Correspondence
Correspondence
Correspondence
Correspondence
Leases
Correspondence
Leases
Correspondence
Leases
